Zip,Cases,Deaths,Recovered,ReportDate,TOT_POP,CS_RATE,DTH_RATE,Active,ACT_RATE,Date
74012,1391,17,1208,09/10/2020,62429,22.281311569943455,0.2723093434141184,166,2.6590206474555096,09/11/2020 11:00AM
73119,1094,12,975,09/10/2020,32119,34.06083626513901,0.3736106354494224,107,3.331361499424017,09/11/2020 11:00AM
73942,1013,7,930,09/10/2020,13454,75.29359298349932,0.5202913631633715,76,5.648877657202319,09/11/2020 11:00AM
74133,989,5,852,09/10/2020,46067,21.468730327566373,0.108537564851195,132,2.865391712071548,09/11/2020 11:00AM
73072,946,15,677,09/10/2020,46675,20.26780931976433,0.32137118371719336,254,5.441885377611141,09/11/2020 11:00AM
74136,899,15,793,09/10/2020,31835,28.23935919585362,0.4711795193968902,91,2.858489084341134,09/11/2020 11:00AM
73099,832,6,749,09/10/2020,68676,12.114858174617043,0.08736676568233444,77,1.1212068262566253,09/11/2020 11:00AM
73160,832,13,738,09/10/2020,59401,14.006498207100892,0.21885153448595143,81,1.3636134071816972,09/11/2020 11:00AM
74014,768,6,674,09/10/2020,40100,19.152119700748127,0.14962593516209474,88,2.1945137157107233,09/11/2020 11:00AM
73109,766,6,672,09/10/2020,23144,33.09713100587625,0.25924645696508813,88,3.802281368821293,09/11/2020 11:00AM
74074,762,2,515,09/10/2020,32812,23.223211020358406,0.06095330976472023,245,7.466780446178228,09/11/2020 11:00AM
73071,750,9,580,09/10/2020,42656,17.58252063015754,0.21099024756189047,161,3.7743810952738186,09/11/2020 11:00AM
74037,723,2,660,09/10/2020,18419,39.25294532819371,0.10858352787882079,61,3.311797600304034,09/11/2020 11:00AM
73107,719,7,643,09/10/2020,25328,28.387555274794693,0.27637397346809855,69,2.724257738471257,09/11/2020 11:00AM
74463,703,1,650,09/10/2020,2145,327.73892773892777,0.4662004662004662,52,24.242424242424242,09/11/2020 11:00AM
73159,696,6,632,09/10/2020,33816,20.5819730305181,0.177430801987225,58,1.7151644192098414,09/11/2020 11:00AM
73013,687,16,591,09/10/2020,52254,13.147318865541394,0.3061966548015463,80,1.5309832740077316,09/11/2020 11:00AM
74055,681,2,590,09/10/2020,45378,15.007272246463042,0.044074220988144036,89,1.9613028339724097,09/11/2020 11:00AM
73069,654,8,432,09/10/2020,24416,26.785714285714285,0.32765399737876805,214,8.764744429882045,09/11/2020 11:00AM
74137,641,6,540,09/10/2020,28241,22.69749654757268,0.212457065967919,95,3.3639035444920506,09/11/2020 11:00AM
73129,622,8,552,09/10/2020,19764,31.47136207245497,0.40477636106051407,62,3.137016798218984,09/11/2020 11:00AM
74115,619,3,585,09/10/2020,23347,26.513042360902897,0.12849616653103182,31,1.327793720820662,09/11/2020 11:00AM
73701,616,6,470,09/10/2020,23646,26.05091770278271,0.2537427048972342,140,5.920663114268798,09/11/2020 11:00AM
74017,614,34,486,09/10/2020,28375,21.63876651982379,1.198237885462555,94,3.3127753303964758,09/11/2020 11:00AM
74464,592,3,445,09/10/2020,31404,18.8511017704751,0.09552923194497516,144,4.585403133358808,09/11/2020 11:00AM
74146,591,3,547,09/10/2020,16130,36.63980161190329,0.18598884066955984,41,2.541847489150651,09/11/2020 11:00AM
73521,572,9,514,09/10/2020,20676,27.664925517508223,0.4352872896111434,49,2.3698974656606695,09/11/2020 11:00AM
73170,567,13,481,09/10/2020,37699,15.040186742353908,0.3448367330698427,73,1.936390885699886,09/11/2020 11:00AM
73034,562,1,460,09/10/2020,44647,12.58763186776267,0.022397921472887314,101,2.262190068761619,09/11/2020 11:00AM
74008,562,4,494,09/10/2020,28808,19.5084698694807,0.13885031935573452,64,2.2216051096917524,09/11/2020 11:00AM
73120,559,19,485,09/10/2020,35771,15.627184031757567,0.531156523440776,55,1.5375583573285623,09/11/2020 11:00AM
74006,544,29,449,09/10/2020,27191,20.006619837446213,1.066529366334449,66,2.427273730278401,09/11/2020 11:00AM
74134,539,2,477,09/10/2020,16254,33.161068044788976,0.12304663467454166,60,3.6913990402362495,09/11/2020 11:00AM
73703,534,9,381,09/10/2020,30331,17.6057498928489,0.29672612178958824,144,4.747617948633412,09/11/2020 11:00AM
73112,532,11,474,09/10/2020,33335,15.959202039898004,0.32998350082495875,47,1.4099295035248236,09/11/2020 11:00AM
74011,528,6,451,09/10/2020,27969,18.878043548214094,0.21452322213879652,71,2.538524795309092,09/11/2020 11:00AM
73127,520,4,481,09/10/2020,25134,20.689106389750936,0.15914697222885335,35,1.3925360070024668,09/11/2020 11:00AM
73108,520,0,471,09/10/2020,15156,34.30984428609132,0.0,49,3.233043019266297,09/11/2020 11:00AM
74105,512,4,448,09/10/2020,25046,20.442386009742076,0.15970614070110997,60,2.3955921105166493,09/11/2020 11:00AM
74129,495,4,443,09/10/2020,19467,25.42764678687009,0.20547593363127345,48,2.4657112035752813,09/11/2020 11:00AM
73012,492,0,442,09/10/2020,37639,13.071548128271209,0.0,50,1.3284093626291877,09/11/2020 11:00AM
74110,477,10,434,09/10/2020,14812,32.20361868755064,0.6751282743721307,33,2.2279233054280314,09/11/2020 11:00AM
74728,466,21,385,09/10/2020,11342,41.08622817845177,1.851525304179157,60,5.290072297654735,09/11/2020 11:00AM
74501,461,14,383,09/10/2020,28016,16.454882924043403,0.4997144488863507,64,2.2844089091947457,09/11/2020 11:00AM
74145,430,1,380,09/10/2020,18580,23.143164693218516,0.05382131324004306,49,2.63724434876211,09/11/2020 11:00AM
73102,426,2,388,09/10/2020,4996,85.26821457165732,0.4003202562049639,36,7.205764611689352,09/11/2020 11:00AM
73132,423,6,370,09/10/2020,28199,15.000531933756516,0.2127735026064754,47,1.6667257704173906,09/11/2020 11:00AM
73162,421,13,366,09/10/2020,29747,14.152687665983125,0.4370188590446095,42,1.4119070830672,09/11/2020 11:00AM
74701,416,1,354,09/10/2020,25267,16.464162741916336,0.03957731428345273,61,2.414216171290616,09/11/2020 11:00AM
73503,406,1,392,09/10/2020,10882,37.309318140047786,0.09189487226612754,13,1.1946333394596582,09/11/2020 11:00AM
74135,405,12,334,09/10/2020,20849,19.425392105136936,0.5755671734855389,59,2.829871936303899,09/11/2020 11:00AM
74066,403,7,343,09/10/2020,33041,12.196967404134258,0.21185799461275384,53,1.6040676734965649,09/11/2020 11:00AM
73139,397,6,349,09/10/2020,17563,22.60433866651483,0.341627284632466,42,2.3913909924272616,09/11/2020 11:00AM
74112,393,6,355,09/10/2020,20892,18.8110281447444,0.2871912693854107,32,1.5316867700555237,09/11/2020 11:00AM
74075,393,1,284,09/10/2020,24891,15.78883933952031,0.040175163713792136,108,4.3389176810895504,09/11/2020 11:00AM
73110,392,5,327,09/10/2020,33383,11.742503669532397,0.14977683251954588,60,1.7973219902345505,09/11/2020 11:00AM
74128,390,4,362,09/10/2020,13005,29.988465974625143,0.30757400999615536,24,1.845444059976932,09/11/2020 11:00AM
74354,380,3,270,09/10/2020,17926,21.198259511324334,0.16735468035256051,107,5.968983599241326,09/11/2020 11:00AM
74063,376,4,311,09/10/2020,31703,11.860076333470017,0.12617102482414916,61,1.9241081285682742,09/11/2020 11:00AM
74745,372,6,319,09/10/2020,9499,39.162017054426784,0.6316454363617223,47,4.947889251500158,09/11/2020 11:00AM
73401,368,6,318,09/10/2020,35952,10.235870048954162,0.16688918558077437,44,1.2238540275923455,09/11/2020 11:00AM
73505,363,6,308,09/10/2020,48713,7.451809578551926,0.12317040625705664,49,1.005891651099296,09/11/2020 11:00AM
73051,360,3,318,09/10/2020,10399,34.61871333782095,0.2884892778151745,39,3.750360611597269,09/11/2020 11:00AM
74403,355,10,273,09/10/2020,30573,11.611552677198835,0.32708599090700946,72,2.355019134530468,09/11/2020 11:00AM
74033,346,4,290,09/10/2020,11999,28.83573631135928,0.3333611134261188,52,4.333694474539545,09/11/2020 11:00AM
74960,345,8,248,09/10/2020,13497,25.561235830184486,0.5927243091057273,89,6.594057938801215,09/11/2020 11:00AM
73008,330,3,286,09/10/2020,20240,16.304347826086957,0.1482213438735178,41,2.025691699604743,09/11/2020 11:00AM
73036,317,4,262,09/10/2020,20920,15.152963671128106,0.19120458891013384,51,2.4378585086042066,09/11/2020 11:00AM
74107,315,8,263,09/10/2020,19734,15.962298570994223,0.4053917097395358,44,2.229654403567447,09/11/2020 11:00AM
74106,315,4,287,09/10/2020,18075,17.427385892116185,0.22130013831258644,24,1.3278008298755186,09/11/2020 11:00AM
73114,314,3,280,09/10/2020,18312,17.147225862822193,0.16382699868938402,31,1.692878986456968,09/11/2020 11:00AM
73135,309,4,263,09/10/2020,22790,13.55857832382624,0.17551557700745943,42,1.8429135585783238,09/11/2020 11:00AM
73018,304,4,244,09/10/2020,20214,15.039081824478084,0.19788265558523796,56,2.7703571781933314,09/11/2020 11:00AM
73169,296,1,269,09/10/2020,2247,131.7311971517579,0.4450378282153983,26,11.570983533600357,09/11/2020 11:00AM
74429,292,13,255,09/10/2020,15208,19.200420831141507,0.8548132561809574,24,1.5781167806417675,09/11/2020 11:00AM
74851,290,1,255,09/10/2020,10783,26.8941852916628,0.09273856997125104,34,3.1531113790225356,09/11/2020 11:00AM
74019,289,4,248,09/10/2020,18185,15.8922188616992,0.21996150673632114,37,2.0346439373109706,09/11/2020 11:00AM
73005,281,5,237,09/10/2020,9585,29.31664058424622,0.5216484089723527,39,4.068857589984351,09/11/2020 11:00AM
73064,281,2,251,09/10/2020,23526,11.944231913627476,0.08501232678738417,28,1.1901725750233785,09/11/2020 11:00AM
74447,280,3,224,09/10/2020,16391,17.08254529924959,0.18302727106338845,53,3.233481788786529,09/11/2020 11:00AM
74070,278,8,234,09/10/2020,15183,18.30995191991043,0.5269050912204439,36,2.3710729104919976,09/11/2020 11:00AM
74801,277,1,226,09/10/2020,22194,12.480850680364062,0.045057222672794446,50,2.2528611336397226,09/11/2020 11:00AM
73130,272,5,227,09/10/2020,20604,13.201320132013201,0.242671325956125,40,1.941370607649,09/11/2020 11:00AM
73122,269,2,241,09/10/2020,12789,21.0337008366565,0.1563843928375948,26,2.0329971068887325,09/11/2020 11:00AM
74021,269,1,242,09/10/2020,19907,13.512834681267895,0.05023358617571708,26,1.3060732405686442,09/11/2020 11:00AM
73501,266,3,245,09/10/2020,20617,12.901974099044477,0.145510986079449,18,0.8730659164766941,09/11/2020 11:00AM
74114,263,4,218,09/10/2020,16175,16.259659969088098,0.2472952086553323,41,2.534775888717156,09/11/2020 11:00AM
73106,259,2,232,09/10/2020,12683,20.421036032484427,0.1576913979342427,25,1.9711424741780337,09/11/2020 11:00AM
74344,249,16,205,09/10/2020,15322,16.251142148544577,1.0442500978984468,28,1.8274376713222817,09/11/2020 11:00AM
74104,248,1,215,09/10/2020,11454,21.651824690064608,0.08730574471800244,32,2.793783830976078,09/11/2020 11:00AM
73115,245,2,199,09/10/2020,21032,11.648915937618867,0.09509319132750095,44,2.092050209205021,09/11/2020 11:00AM
74804,242,6,184,09/10/2020,20867,11.597258829731155,0.2875353428858964,52,2.491972971677769,09/11/2020 11:00AM
74955,241,2,199,09/10/2020,15122,15.937045364369792,0.1322576378785875,40,2.6451527575717497,09/11/2020 11:00AM
73142,241,5,210,09/10/2020,14302,16.85079009928681,0.34960145434205003,26,1.8179275625786604,09/11/2020 11:00AM
73020,240,3,206,09/10/2020,23966,10.01418676458316,0.1251773345572895,31,1.2934991237586582,09/11/2020 11:00AM
74132,235,2,205,09/10/2020,9252,25.39991353220925,0.21616947686986596,28,3.0263726761781236,09/11/2020 11:00AM
73080,233,3,205,09/10/2020,9436,24.69266638406104,0.317931326833404,25,2.6494277236116996,09/11/2020 11:00AM
74127,230,2,206,09/10/2020,15724,14.627321292292038,0.1271940981938438,22,1.3991350801322817,09/11/2020 11:00AM
74820,224,1,186,09/10/2020,31480,7.115628970775095,0.03176620076238882,37,1.1753494282083863,09/11/2020 11:00AM
73003,218,4,183,09/10/2020,24147,9.02803660910258,0.16565204787344184,31,1.283803371019174,09/11/2020 11:00AM
73010,215,1,169,09/10/2020,19735,10.894350139346338,0.05067139599695972,45,2.2802128198631872,09/11/2020 11:00AM
73118,214,3,189,09/10/2020,14087,15.191311137928587,0.21296230567189608,22,1.5617235749272378,09/11/2020 11:00AM
73601,213,0,184,09/10/2020,10238,20.804844696229733,0.0,29,2.8325844891580387,09/11/2020 11:00AM
74437,206,2,186,09/10/2020,9822,20.97332518835268,0.20362451639177356,18,1.832620647525962,09/11/2020 11:00AM
74467,201,5,171,09/10/2020,15147,13.269954446425034,0.3300983693140556,25,1.6504918465702778,09/11/2020 11:00AM
73533,197,1,154,09/10/2020,27582,7.142339206729027,0.036255528968167645,42,1.5227322166630413,09/11/2020 11:00AM
74953,196,2,153,09/10/2020,12052,16.262860935944243,0.1659475605708596,41,3.401924991702622,09/11/2020 11:00AM
74003,196,8,166,09/10/2020,14194,13.808651542905453,0.5636184303226716,22,1.5499506833873467,09/11/2020 11:00AM
74743,195,2,176,09/10/2020,8397,23.222579492675955,0.23818030248898417,17,2.024532571156365,09/11/2020 11:00AM
74601,187,4,132,09/10/2020,19051,9.815757703007716,0.20996273161513831,51,2.6770248280930136,09/11/2020 11:00AM
74035,180,2,166,09/10/2020,4223,42.623727208145866,0.4735969689793985,12,2.8415818138763913,09/11/2020 11:00AM
73068,177,2,139,09/10/2020,12458,14.20773799967892,0.1605394124257505,36,2.8897094236635095,09/11/2020 11:00AM
74937,174,2,146,09/10/2020,5492,31.682447195921338,0.3641660597232338,26,4.734158776402039,09/11/2020 11:00AM
73044,171,0,141,09/10/2020,23525,7.268862911795962,0.0,30,1.2752391073326248,09/11/2020 11:00AM
74848,170,3,142,09/10/2020,7911,21.48906585766654,0.37921880925293894,25,3.160156743774491,09/11/2020 11:00AM
74108,170,0,157,09/10/2020,7612,22.333158171308458,0.0,13,1.7078297425118234,09/11/2020 11:00AM
73111,169,2,153,09/10/2020,11368,14.866291344123857,0.17593244194229415,14,1.2315270935960592,09/11/2020 11:00AM
74023,169,2,141,09/10/2020,11396,14.82976482976483,0.1755001755001755,26,2.2815022815022816,09/11/2020 11:00AM
74948,167,3,138,09/10/2020,11862,14.07857022424549,0.25290844714213456,26,2.191873208565166,09/11/2020 11:00AM
74401,163,2,127,09/10/2020,15972,10.205359378913098,0.12521913348359628,34,2.1287252692211367,09/11/2020 11:00AM
73089,160,2,129,09/10/2020,12689,12.609346678225235,0.15761683347781544,29,2.285444085428324,09/11/2020 11:00AM
73065,157,1,131,09/10/2020,8404,18.681580199904808,0.11899095668729176,25,2.974773917182294,09/11/2020 11:00AM
73025,156,0,139,09/10/2020,13019,11.982487134188494,0.0,17,1.3057838543666949,09/11/2020 11:00AM
73116,156,0,133,09/10/2020,9205,16.94731124388919,0.0,23,2.4986420423682785,09/11/2020 11:00AM
73507,154,2,134,09/10/2020,22480,6.850533807829182,0.08896797153024912,18,0.800711743772242,09/11/2020 11:00AM
74884,153,1,130,09/10/2020,5731,26.696911533763743,0.17448961786773687,22,3.838771593090211,09/11/2020 11:00AM
74126,149,2,139,09/10/2020,10472,14.228418640183348,0.19098548510313215,8,0.7639419404125286,09/11/2020 11:00AM
74010,149,6,125,09/10/2020,10669,13.965695004217828,0.5623769800356172,18,1.6871309401068515,09/11/2020 11:00AM
74868,148,3,120,09/10/2020,13443,11.009447295990478,0.2231644722160232,25,1.8597039351335267,09/11/2020 11:00AM
74116,146,0,134,09/10/2020,4044,36.102868447082095,0.0,12,2.967359050445104,09/11/2020 11:00AM
74361,140,3,124,09/10/2020,16590,8.438818565400844,0.18083182640144665,13,0.7836045810729354,09/11/2020 11:00AM
73742,138,2,123,09/10/2020,4384,31.478102189781026,0.4562043795620438,13,2.9653284671532845,09/11/2020 11:00AM
74959,138,1,91,09/10/2020,7150,19.3006993006993,0.13986013986013987,46,6.433566433566433,09/11/2020 11:00AM
74525,135,0,99,09/10/2020,9492,14.222503160556258,0.0,36,3.7926675094816686,09/11/2020 11:00AM
74432,134,2,108,09/10/2020,9278,14.442767837896099,0.2155636990730761,24,2.586764388876913,09/11/2020 11:00AM
73179,133,1,118,09/10/2020,5299,25.09907529722589,0.1887148518588413,14,2.642007926023778,09/11/2020 11:00AM
74301,131,1,78,09/10/2020,11499,11.392294982172363,0.08696408383337682,52,4.522132359335594,09/11/2020 11:00AM
73026,130,3,107,09/10/2020,10338,12.57496614432192,0.2901915264074289,20,1.934610176049526,09/11/2020 11:00AM
74462,129,3,107,09/10/2020,7495,17.211474316210808,0.400266844563042,19,2.535023348899266,09/11/2020 11:00AM
73047,125,0,121,09/10/2020,5135,24.342745861733203,0.0,4,0.7789678675754625,09/11/2020 11:00AM
74020,124,3,111,09/10/2020,7371,16.822683489350155,0.40700040700040696,10,1.35666802333469,09/11/2020 11:00AM
73096,123,0,102,09/10/2020,13684,8.988599824612686,0.0,21,1.5346389944460683,09/11/2020 11:00AM
73075,123,1,115,09/10/2020,9564,12.860727728983688,0.10455876202425762,7,0.7319113341698034,09/11/2020 11:00AM
74426,118,2,105,09/10/2020,9688,12.18001651527663,0.20644095788604458,11,1.1354252683732453,09/11/2020 11:00AM
73945,117,0,112,09/10/2020,2884,40.56865464632455,0.0,5,1.7337031900138697,09/11/2020 11:00AM
74346,116,1,108,09/10/2020,7479,15.510094932477605,0.13370771493515177,7,0.9359540045460624,09/11/2020 11:00AM
74962,115,2,95,09/10/2020,4490,25.612472160356347,0.44543429844098,18,4.008908685968819,09/11/2020 11:00AM
74604,113,5,94,09/10/2020,12597,8.970389775343335,0.39691990156386436,14,1.1113757243788203,09/11/2020 11:00AM
74015,113,0,99,09/10/2020,8834,12.791487434910573,0.0,14,1.5847860538827259,09/11/2020 11:00AM
74873,112,0,74,09/10/2020,11863,9.441119447020146,0.0,38,3.203236955238978,09/11/2020 11:00AM
73078,109,1,95,09/10/2020,10718,10.16980779996268,0.09330098899048331,13,1.2129128568762828,09/11/2020 11:00AM
73149,109,0,98,09/10/2020,5082,21.448248720975993,0.0,11,2.1645021645021645,09/11/2020 11:00AM
73084,107,1,92,09/10/2020,6878,15.55684792090724,0.14539110206455363,14,2.035475428903751,09/11/2020 11:00AM
73128,106,0,99,09/10/2020,4757,22.282951439983183,0.0,7,1.471515661130965,09/11/2020 11:00AM
74331,105,0,97,09/10/2020,7218,14.54696591853699,0.0,8,1.1083402604599613,09/11/2020 11:00AM
74834,105,8,88,09/10/2020,7712,13.615145228215768,1.037344398340249,9,1.1670124481327802,09/11/2020 11:00AM
73750,102,0,85,09/10/2020,7485,13.627254509018035,0.0,17,2.2712090848363395,09/11/2020 11:00AM
73134,102,1,91,09/10/2020,5573,18.302530055625336,0.17943656917279743,10,1.7943656917279742,09/11/2020 11:00AM
74352,100,0,81,09/10/2020,6756,14.801657785671996,0.0,19,2.812314979277679,09/11/2020 11:00AM
73446,97,1,88,09/10/2020,8482,11.435982079698185,0.11789672247111531,8,0.9431737797689225,09/11/2020 11:00AM
74434,95,4,77,09/10/2020,8583,11.068391005475942,0.4660375160200396,14,1.6311313060701387,09/11/2020 11:00AM
74073,94,2,78,09/10/2020,5459,17.219270928741526,0.3663674665689687,14,2.5645722659827808,09/11/2020 11:00AM
74120,94,0,83,09/10/2020,4988,18.845228548516438,0.0,11,2.2052927024859663,09/11/2020 11:00AM
74857,93,2,75,09/10/2020,8911,10.436539108966445,0.22444170126809562,16,1.795533610144765,09/11/2020 11:00AM
73644,92,1,74,09/10/2020,14668,6.272157076629398,0.06817562039814562,17,1.1589855467684755,09/11/2020 11:00AM
73801,92,0,59,09/10/2020,15529,5.924399510593084,0.0,33,2.1250563461909975,09/11/2020 11:00AM
74047,91,2,79,09/10/2020,7317,12.436791034577013,0.27333606669400023,10,1.3666803334700013,09/11/2020 11:00AM
73045,90,0,74,09/10/2020,11293,7.969538652262463,0.0,16,1.4168068715133268,09/11/2020 11:00AM
74036,87,3,68,09/10/2020,7378,11.791813499593387,0.4066142586066685,16,2.168609379235565,09/11/2020 11:00AM
73105,86,0,79,09/10/2020,5409,15.899426881124054,0.0,7,1.294139397300795,09/11/2020 11:00AM
74730,84,0,71,09/10/2020,4800,17.5,0.0,13,2.7083333333333335,09/11/2020 11:00AM
73554,84,8,72,09/10/2020,3326,25.25556223692123,2.4052916416115453,4,1.2026458208057726,09/11/2020 11:00AM
73448,84,0,69,09/10/2020,6295,13.343923749007148,0.0,15,2.3828435266084194,09/11/2020 11:00AM
73103,83,1,70,09/10/2020,4924,16.856214459788788,0.20308692120227456,12,2.437043054427295,09/11/2020 11:00AM
74016,83,0,73,09/10/2020,5697,14.569071441109354,0.0,10,1.75530981218185,09/11/2020 11:00AM
74044,82,3,66,09/10/2020,7354,11.150394343214577,0.4079412564590699,13,1.7677454446559697,09/11/2020 11:00AM
74965,81,2,73,09/10/2020,5055,16.023738872403563,0.3956478733926805,6,1.1869436201780414,09/11/2020 11:00AM
74436,80,1,71,09/10/2020,5718,13.990905911157748,0.17488632388947184,8,1.3990905911157747,09/11/2020 11:00AM
74029,80,1,70,09/10/2020,4971,16.093341380004023,0.20116676725005028,9,1.8105009052504526,09/11/2020 11:00AM
74365,79,1,64,09/10/2020,4479,17.637865594998882,0.22326412145568209,14,3.1256977003795487,09/11/2020 11:00AM
74337,76,5,59,09/10/2020,4913,15.469163443924282,1.0177081213108081,12,2.4424994911459392,09/11/2020 11:00AM
74103,76,0,67,09/10/2020,2134,35.61387066541706,0.0,9,4.217432052483599,09/11/2020 11:00AM
73052,74,2,63,09/10/2020,6673,11.08946500824217,0.2997152704930316,9,1.3487187172186423,09/11/2020 11:00AM
74048,74,2,60,09/10/2020,6213,11.910510220505392,0.3219056816352809,12,1.931434089811685,09/11/2020 11:00AM
74571,74,3,64,09/10/2020,3486,21.227768215720022,0.8605851979345955,7,2.008032128514056,09/11/2020 11:00AM
74766,74,0,60,09/10/2020,1556,47.55784061696658,0.0,14,8.997429305912597,09/11/2020 11:00AM
74954,73,0,64,09/10/2020,5194,14.054678475163652,0.0,9,1.7327685791297651,09/11/2020 11:00AM
73165,72,1,63,09/10/2020,6720,10.714285714285714,0.14880952380952384,8,1.1904761904761907,09/11/2020 11:00AM
73117,72,0,65,09/10/2020,5680,12.67605633802817,0.0,7,1.2323943661971832,09/11/2020 11:00AM
74451,70,1,58,09/10/2020,4543,15.408320493066256,0.2201188641866608,11,2.4213075060532687,09/11/2020 11:00AM
73049,70,2,52,09/10/2020,5858,11.949470809149881,0.3414134516899966,16,2.7313076135199728,09/11/2020 11:00AM
74119,70,0,60,09/10/2020,3157,22.172949002217297,0.0,10,3.1675641431738994,09/11/2020 11:00AM
74059,69,1,52,09/10/2020,5664,12.182203389830509,0.1765536723163842,16,2.824858757062147,09/11/2020 11:00AM
74370,68,1,58,09/10/2020,3594,18.920422927100724,0.2782415136338342,9,2.5041736227045073,09/11/2020 11:00AM
74339,66,0,58,09/10/2020,2357,28.00169707254985,0.0,8,3.394145099703012,09/11/2020 11:00AM
74058,65,0,63,09/10/2020,3946,16.472377090724784,0.0,2,0.5068423720223011,09/11/2020 11:00AM
73949,65,0,57,09/10/2020,1523,42.67892317793828,0.0,8,5.252790544977018,09/11/2020 11:00AM
74864,65,0,58,09/10/2020,5149,12.623810448630802,0.0,7,1.3594872790833172,09/11/2020 11:00AM
74764,65,1,53,09/10/2020,3814,17.042475091767177,0.26219192448872575,11,2.8841111693759833,09/11/2020 11:00AM
74441,64,2,46,09/10/2020,5855,10.930828351836038,0.3415883859948762,16,2.7327070879590094,09/11/2020 11:00AM
74859,64,1,44,09/10/2020,6032,10.610079575596817,0.16578249336870027,19,3.1498673740053054,09/11/2020 11:00AM
73104,64,0,55,09/10/2020,2287,27.984258854394405,0.0,9,3.935286401399213,09/11/2020 11:00AM
74445,64,0,55,09/10/2020,2963,21.599730003374958,0.0,9,3.0374620317246035,09/11/2020 11:00AM
74902,63,3,56,09/10/2020,4102,15.358361774744028,0.7313505607020966,4,0.9751340809361286,09/11/2020 11:00AM
73093,61,0,51,09/10/2020,3054,19.97380484610347,0.0,10,3.2743942370661427,09/11/2020 11:00AM
73460,61,2,36,09/10/2020,4609,13.234975048817532,0.43393360815795184,23,4.990236493816447,09/11/2020 11:00AM
73086,60,1,54,09/10/2020,8687,6.906872337976286,0.11511453896627144,5,0.5755726948313572,09/11/2020 11:00AM
74523,59,1,55,09/10/2020,6022,9.79740949850548,0.16605778811026237,3,0.49817336433078707,09/11/2020 11:00AM
73542,59,1,52,09/10/2020,4501,13.108198178182626,0.22217285047767163,6,1.3330371028660297,09/11/2020 11:00AM
74039,58,2,53,09/10/2020,3769,15.388697267179623,0.5306447333510215,3,0.7959671000265323,09/11/2020 11:00AM
74338,58,1,53,09/10/2020,5353,10.835045768727815,0.18681113394358304,4,0.7472445357743321,09/11/2020 11:00AM
74578,58,1,54,09/10/2020,6138,9.449332029977192,0.16291951775822744,3,0.4887585532746823,09/11/2020 11:00AM
74130,57,1,51,09/10/2020,2030,28.07881773399015,0.4926108374384236,5,2.4630541871921183,09/11/2020 11:00AM
74421,56,0,47,09/10/2020,4717,11.871952512189951,0.0,9,1.9079923680305277,09/11/2020 11:00AM
74053,56,0,50,09/10/2020,4539,12.33751927737387,0.0,6,1.3218770654329146,09/11/2020 11:00AM
74547,55,0,52,09/10/2020,3437,16.002327611288916,0.0,3,0.8728542333430317,09/11/2020 11:00AM
74740,53,2,45,09/10/2020,2289,23.154215814766275,0.873743993010048,6,2.6212319790301444,09/11/2020 11:00AM
73662,52,0,41,09/10/2020,6447,8.065767023421747,0.0,11,1.7062199472622925,09/11/2020 11:00AM
74079,52,0,46,09/10/2020,4248,12.241054613935969,0.0,6,1.4124293785310735,09/11/2020 11:00AM
74966,51,0,40,09/10/2020,3663,13.923013923013924,0.0,11,3.003003003003003,09/11/2020 11:00AM
73121,50,0,43,09/10/2020,3558,14.05283867341203,0.0,7,1.9673974142776842,09/11/2020 11:00AM
74931,49,0,33,09/10/2020,1165,42.06008583690987,0.0,16,13.73390557939914,09/11/2020 11:00AM
73009,49,8,38,09/10/2020,1308,37.46177370030581,6.116207951070336,3,2.293577981651376,09/11/2020 11:00AM
74347,49,2,37,09/10/2020,2927,16.74069012640929,0.683293474547318,10,3.4164673727365904,09/11/2020 11:00AM
73939,49,0,33,09/10/2020,1709,28.671737858396725,0.0,16,9.362200117027502,09/11/2020 11:00AM
73529,49,1,36,09/10/2020,5440,9.00735294117647,0.1838235294117647,12,2.2058823529411766,09/11/2020 11:00AM
73077,48,0,40,09/10/2020,6808,7.050528789659225,0.0,8,1.1750881316098707,09/11/2020 11:00AM
74131,48,0,41,09/10/2020,2708,17.725258493353028,0.0,7,2.58493353028065,09/11/2020 11:00AM
73145,46,0,31,09/10/2020,3277,14.037229173024107,0.0,15,4.5773573390296,09/11/2020 11:00AM
73150,46,1,37,09/10/2020,4770,9.643605870020965,0.20964360587002095,8,1.6771488469601676,09/11/2020 11:00AM
74056,46,0,42,09/10/2020,5152,8.928571428571429,0.0,4,0.7763975155279502,09/11/2020 11:00AM
73439,45,0,36,09/10/2020,7610,5.913272010512484,0.0,9,1.1826544021024967,09/11/2020 11:00AM
73173,45,0,41,09/10/2020,3014,14.930325149303252,0.0,4,1.3271400132714002,09/11/2020 11:00AM
74343,45,0,43,09/10/2020,3067,14.672318226279753,0.0,2,0.6521030322791,09/11/2020 11:00AM
74538,45,0,37,09/10/2020,4105,10.962241169305726,0.0,8,1.94884287454324,09/11/2020 11:00AM
73572,44,0,19,09/10/2020,3633,12.11120286264795,0.0,25,6.881365262868153,09/11/2020 11:00AM
74883,44,0,38,09/10/2020,2453,17.937219730941703,0.0,6,2.4459845087647776,09/11/2020 11:00AM
73141,43,0,40,09/10/2020,2600,16.53846153846154,0.0,3,1.153846153846154,09/11/2020 11:00AM
73772,43,0,35,09/10/2020,3997,10.75806855141356,0.0,8,2.001501125844383,09/11/2020 11:00AM
73055,43,0,37,09/10/2020,10034,4.285429539565477,0.0,6,0.5979669124975084,09/11/2020 11:00AM
74435,42,1,26,09/10/2020,3269,12.84796573875803,0.3059039461609055,15,4.588559192413582,09/11/2020 11:00AM
74729,41,0,33,09/10/2020,2925,14.017094017094019,0.0,8,2.735042735042735,09/11/2020 11:00AM
74631,41,1,33,09/10/2020,7482,5.479818230419673,0.13365410318096765,7,0.9355787222667735,09/11/2020 11:00AM
73527,41,0,35,09/10/2020,5284,7.759273277819833,0.0,6,1.1355034065102196,09/11/2020 11:00AM
73030,40,0,33,09/10/2020,4362,9.170105456212745,0.0,7,1.6047684548372307,09/11/2020 11:00AM
74363,39,0,23,09/10/2020,2879,13.546370267453977,0.0,16,5.5574852379298365,09/11/2020 11:00AM
73550,39,0,34,09/10/2020,2313,16.861219195849547,0.0,5,2.16169476869866,09/11/2020 11:00AM
74940,39,0,33,09/10/2020,2885,13.518197573656845,0.0,6,2.0797227036395145,09/11/2020 11:00AM
73054,39,0,32,09/10/2020,4271,9.131350971669397,0.0,7,1.6389604308124561,09/11/2020 11:00AM
74041,39,0,36,09/10/2020,2852,13.67461430575035,0.0,3,1.0518934081346423,09/11/2020 11:00AM
73028,38,0,35,09/10/2020,3651,10.408107367844426,0.0,3,0.8216926869350862,09/11/2020 11:00AM
74454,38,0,30,09/10/2020,3294,11.53612629022465,0.0,8,2.4286581663630846,09/11/2020 11:00AM
73449,38,1,32,09/10/2020,3106,12.234385061171926,0.3219575016097875,5,1.6097875080489374,09/11/2020 11:00AM
74964,37,0,31,09/10/2020,2709,13.658176448874123,0.0,6,2.2148394241417497,09/11/2020 11:00AM
73006,37,1,25,09/10/2020,3178,11.642542479546885,0.3146633102580239,11,3.461296412838263,09/11/2020 11:00AM
73538,37,0,35,09/10/2020,6016,6.150265957446809,0.0,2,0.3324468085106383,09/11/2020 11:00AM
74651,37,1,31,09/10/2020,847,43.68358913813459,1.1806375442739079,5,5.903187721369539,09/11/2020 11:00AM
74930,37,0,31,09/10/2020,2261,16.364440513047324,0.0,6,2.6536930561698364,09/11/2020 11:00AM
74855,36,0,30,09/10/2020,4720,7.627118644067797,0.0,6,1.271186440677966,09/11/2020 11:00AM
73095,35,0,35,09/10/2020,1911,18.315018315018317,0.0,0,0.0,09/11/2020 11:00AM
74030,35,0,28,09/10/2020,3771,9.28135773004508,0.0,7,1.8562715460090162,09/11/2020 11:00AM
73762,35,0,32,09/10/2020,2142,16.339869281045754,0.0,3,1.4005602240896358,09/11/2020 11:00AM
74733,35,0,34,09/10/2020,3161,11.072445428661815,0.0,1,0.3163555836760519,09/11/2020 11:00AM
74849,34,1,23,09/10/2020,3061,11.10748121528912,0.32669062397909177,10,3.266906239790918,09/11/2020 11:00AM
74941,33,0,24,09/10/2020,2759,11.960855382384922,0.0,9,3.2620514679231603,09/11/2020 11:00AM
73098,33,1,21,09/10/2020,4394,7.510241238051889,0.2275830678197542,11,2.5034137460172965,09/11/2020 11:00AM
74002,32,2,21,09/10/2020,1953,16.38504864311316,1.0240655401945724,9,4.608294930875576,09/11/2020 11:00AM
74561,32,0,26,09/10/2020,1943,16.46937725167267,0.0,6,3.0880082346886257,09/11/2020 11:00AM
74455,31,1,28,09/10/2020,3093,10.022631749110895,0.3233107015842225,2,0.646621403168445,09/11/2020 11:00AM
74364,30,0,21,09/10/2020,1847,16.242555495397944,0.0,9,4.872766648619383,09/11/2020 11:00AM
73463,30,0,26,09/10/2020,3451,8.693132425383945,0.0,4,1.1590843233845263,09/11/2020 11:00AM
73737,30,0,24,09/10/2020,3521,8.520306731042316,0.0,6,1.7040613462084635,09/11/2020 11:00AM
73057,30,0,23,09/10/2020,2282,13.146362839614373,0.0,7,3.067484662576687,09/11/2020 11:00AM
74051,29,1,27,09/10/2020,2027,14.306857424765663,0.49333991119881604,1,0.49333991119881604,09/11/2020 11:00AM
73852,29,0,25,09/10/2020,2351,12.33517652062952,0.0,4,1.7014036580178649,09/11/2020 11:00AM
74469,29,0,23,09/10/2020,2557,11.341415721548689,0.0,6,2.3464998044583494,09/11/2020 11:00AM
73015,29,1,23,09/10/2020,3011,9.631351710395219,0.33211557622052473,5,1.6605778811026237,09/11/2020 11:00AM
74342,28,0,25,09/10/2020,3089,9.064422143088379,0.0,3,0.9711880867594691,09/11/2020 11:00AM
73007,28,0,24,09/10/2020,2349,11.919965942954448,0.0,4,1.7028522775649213,09/11/2020 11:00AM
74332,27,1,21,09/10/2020,1679,16.081000595592617,0.5955926146515784,5,2.9779630732578917,09/11/2020 11:00AM
73131,27,0,23,09/10/2020,3823,7.062516348417473,0.0,4,1.04629871828407,09/11/2020 11:00AM
74080,27,0,23,09/10/2020,2961,9.11854103343465,0.0,4,1.3508949679162445,09/11/2020 11:00AM
73038,27,0,21,09/10/2020,1924,14.033264033264034,0.0,6,3.118503118503119,09/11/2020 11:00AM
74637,27,0,27,09/10/2020,1706,15.826494724501757,0.0,0,0.0,09/11/2020 11:00AM
73717,27,0,20,09/10/2020,7031,3.8401365381880246,0.0,7,0.9955909543450433,09/11/2020 11:00AM
74061,27,1,19,09/10/2020,2025,13.333333333333334,0.4938271604938272,7,3.4567901234567904,09/11/2020 11:00AM
73151,25,0,21,09/10/2020,1861,13.433637829124127,0.0,4,2.1493820526598606,09/11/2020 11:00AM
74727,24,0,23,09/10/2020,1810,13.259668508287293,0.0,1,0.5524861878453039,09/11/2020 11:00AM
74957,24,1,19,09/10/2020,1198,20.033388981636058,0.8347245409015025,4,3.33889816360601,09/11/2020 11:00AM
74536,24,0,23,09/10/2020,1557,15.414258188824663,0.0,1,0.6422607578676942,09/11/2020 11:00AM
74840,24,0,20,09/10/2020,2003,11.982026959560658,0.0,4,1.99700449326011,09/11/2020 11:00AM
74431,24,0,21,09/10/2020,889,26.996625421822273,0.0,3,3.374578177727784,09/11/2020 11:00AM
74369,23,0,16,09/10/2020,2047,11.235955056179774,0.0,7,3.419638495359062,09/11/2020 11:00AM
73651,23,1,16,09/10/2020,3968,5.796370967741936,0.25201612903225806,6,1.5120967741935483,09/11/2020 11:00AM
74932,23,0,20,09/10/2020,2397,9.595327492699207,0.0,3,1.2515644555694618,09/11/2020 11:00AM
74450,23,0,17,09/10/2020,1846,12.459371614301192,0.0,6,3.2502708559046587,09/11/2020 11:00AM
74860,23,0,22,09/10/2020,1784,12.892376681614351,0.0,1,0.5605381165919282,09/11/2020 11:00AM
74470,23,0,15,09/10/2020,1488,15.456989247311828,0.0,8,5.376344086021506,09/11/2020 11:00AM
74050,23,0,20,09/10/2020,356,64.60674157303372,0.0,3,8.426966292134832,09/11/2020 11:00AM
74022,23,0,23,09/10/2020,1864,12.339055793991417,0.0,0,0.0,09/11/2020 11:00AM
74330,23,0,18,09/10/2020,3331,6.9048333833683575,0.0,5,1.5010507355148606,09/11/2020 11:00AM
73433,23,0,21,09/10/2020,3002,7.661558960692871,0.0,2,0.6662225183211192,09/11/2020 11:00AM
74726,22,1,17,09/10/2020,2345,9.381663113006397,0.42643923240938164,4,1.7057569296375266,09/11/2020 11:00AM
73430,22,0,9,09/10/2020,1336,16.467065868263475,0.0,13,9.73053892215569,09/11/2020 11:00AM
73526,22,0,21,09/10/2020,2385,9.224318658280923,0.0,1,0.4192872117400419,09/11/2020 11:00AM
73951,22,0,17,09/10/2020,1117,19.695613249776187,0.0,5,4.476275738585497,09/11/2020 11:00AM
73443,22,1,20,09/10/2020,3885,5.662805662805662,0.2574002574002574,1,0.2574002574002574,09/11/2020 11:00AM
73017,21,0,16,09/10/2020,1568,13.392857142857142,0.0,5,3.188775510204082,09/11/2020 11:00AM
74032,21,0,19,09/10/2020,2146,9.785647716682199,0.0,2,0.9319664492078285,09/11/2020 11:00AM
73543,21,0,19,09/10/2020,1529,13.734466971877042,0.0,2,1.3080444735120995,09/11/2020 11:00AM
74735,21,0,16,09/10/2020,1482,14.17004048582996,0.0,5,3.373819163292848,09/11/2020 11:00AM
74028,21,1,20,09/10/2020,1708,12.295081967213115,0.585480093676815,0,0.0,09/11/2020 11:00AM
73950,21,0,21,09/10/2020,1408,14.914772727272728,0.0,0,0.0,09/11/2020 11:00AM
73042,20,1,19,09/10/2020,1116,17.921146953405017,0.8960573476702509,0,0.0,09/11/2020 11:00AM
74881,20,0,17,09/10/2020,5282,3.7864445285876562,0.0,3,0.5679666792881485,09/11/2020 11:00AM
74736,20,0,16,09/10/2020,1122,17.825311942959,0.0,4,3.5650623885918002,09/11/2020 11:00AM
74027,20,0,13,09/10/2020,1060,18.867924528301884,0.0,7,6.60377358490566,09/11/2020 11:00AM
74854,20,0,17,09/10/2020,1983,10.085728693898133,0.0,3,1.5128593040847202,09/11/2020 11:00AM
74452,19,0,15,09/10/2020,386,49.222797927461144,0.0,4,10.362694300518134,09/11/2020 11:00AM
74944,19,1,10,09/10/2020,1195,15.899581589958158,0.8368200836820083,8,6.694560669456067,09/11/2020 11:00AM
74078,19,0,8,09/10/2020,2329,8.158007728638902,0.0,11,4.7230571060541005,09/11/2020 11:00AM
73738,18,0,18,09/10/2020,1201,14.987510407993339,0.0,0,0.0,09/11/2020 11:00AM
74554,18,1,11,09/10/2020,1738,10.356731875719216,0.5753739930955121,6,3.452243958573072,09/11/2020 11:00AM
73560,18,0,14,09/10/2020,839,21.454112038140643,0.0,4,4.767580452920143,09/11/2020 11:00AM
74880,18,1,14,09/10/2020,1958,9.19305413687436,0.5107252298263535,3,1.5321756894790601,09/11/2020 11:00AM
74085,18,0,14,09/10/2020,2223,8.097165991902834,0.0,4,1.799370220422852,09/11/2020 11:00AM
73541,17,0,15,09/10/2020,2714,6.263817243920413,0.0,2,0.7369196757553427,09/11/2020 11:00AM
73552,17,0,11,09/10/2020,1512,11.243386243386242,0.0,6,3.968253968253968,09/11/2020 11:00AM
74872,17,0,13,09/10/2020,3263,5.209929512718357,0.0,4,1.225865767698437,09/11/2020 11:00AM
74901,17,0,16,09/10/2020,1872,9.081196581196583,0.0,1,0.5341880341880343,09/11/2020 11:00AM
74546,17,0,15,09/10/2020,712,23.876404494382022,0.0,2,2.8089887640449436,09/11/2020 11:00AM
73059,17,0,17,09/10/2020,2916,5.829903978052126,0.0,0,0.0,09/11/2020 11:00AM
73016,17,0,16,09/10/2020,1714,9.918319719953326,0.0,1,0.5834305717619602,09/11/2020 11:00AM
74871,17,1,15,09/10/2020,2483,6.84655658477648,0.4027386226339106,1,0.4027386226339106,09/11/2020 11:00AM
74647,17,1,12,09/10/2020,3586,4.740658114891244,0.2788622420524261,4,1.1154489682097044,09/11/2020 11:00AM
73724,17,1,7,09/10/2020,1173,14.492753623188406,0.8525149190110827,9,7.672634271099745,09/11/2020 11:00AM
73568,17,2,9,09/10/2020,1060,16.037735849056602,1.8867924528301887,6,5.660377358490566,09/11/2020 11:00AM
74653,17,0,14,09/10/2020,3740,4.545454545454545,0.0,3,0.8021390374331551,09/11/2020 11:00AM
73061,17,0,13,09/10/2020,1659,10.247136829415311,0.0,4,2.4110910186859553,09/11/2020 11:00AM
73450,16,1,12,09/10/2020,1344,11.904761904761903,0.744047619047619,3,2.232142857142857,09/11/2020 11:00AM
73933,16,0,13,09/10/2020,1504,10.638297872340425,0.0,3,1.9946808510638296,09/11/2020 11:00AM
73002,16,0,12,09/10/2020,906,17.660044150110377,0.0,4,4.415011037527594,09/11/2020 11:00AM
74425,16,0,11,09/10/2020,1448,11.049723756906078,0.0,5,3.453038674033149,09/11/2020 11:00AM
74936,16,0,13,09/10/2020,1090,14.678899082568808,0.0,3,2.7522935779816518,09/11/2020 11:00AM
74038,16,0,16,09/10/2020,2123,7.536504945831371,0.0,0,0.0,09/11/2020 11:00AM
74956,16,0,11,09/10/2020,1739,9.200690051753881,0.0,5,2.8752156411730883,09/11/2020 11:00AM
74081,16,0,13,09/10/2020,1823,8.776741634668129,0.0,3,1.6456390565002743,09/11/2020 11:00AM
73040,16,0,15,09/10/2020,1821,8.786381109280615,0.0,1,0.5491488193300385,09/11/2020 11:00AM
73456,15,0,12,09/10/2020,2113,7.09891150023663,0.0,3,1.419782300047326,09/11/2020 11:00AM
74333,15,0,5,09/10/2020,1129,13.286093888396811,0.0,10,8.857395925597874,09/11/2020 11:00AM
74471,15,0,10,09/10/2020,1635,9.174311926605505,0.0,5,3.058103975535168,09/11/2020 11:00AM
73573,15,0,14,09/10/2020,2479,6.050826946349335,0.0,1,0.40338846308995563,09/11/2020 11:00AM
73432,15,0,12,09/10/2020,1141,13.146362839614373,0.0,3,2.629272567922875,09/11/2020 11:00AM
73669,15,0,13,09/10/2020,1750,8.571428571428571,0.0,2,1.142857142857143,09/11/2020 11:00AM
73029,14,1,13,09/10/2020,1632,8.578431372549021,0.6127450980392157,0,0.0,09/11/2020 11:00AM
73459,14,1,9,09/10/2020,1063,13.17027281279398,0.9407337723424272,4,3.7629350893697087,09/11/2020 11:00AM
73741,14,0,10,09/10/2020,1712,8.177570093457943,0.0,4,2.336448598130841,09/11/2020 11:00AM
74563,14,0,13,09/10/2020,1963,7.131940906775344,0.0,1,0.5094243504839532,09/11/2020 11:00AM
74553,14,1,12,09/10/2020,1249,11.20896717373899,0.8006405124099278,1,0.8006405124099278,09/11/2020 11:00AM
73082,14,0,12,09/10/2020,3135,4.4657097288676235,0.0,2,0.6379585326953748,09/11/2020 11:00AM
73768,14,0,11,09/10/2020,1666,8.403361344537815,0.0,3,1.800720288115246,09/11/2020 11:00AM
74825,14,1,13,09/10/2020,2099,6.669842782277275,0.4764173415912339,0,0.0,09/11/2020 11:00AM
74826,14,0,13,09/10/2020,1133,12.35657546337158,0.0,1,0.88261253309797,09/11/2020 11:00AM
74963,14,0,13,09/10/2020,474,29.535864978902953,0.0,1,2.109704641350211,09/11/2020 11:00AM
73932,14,0,14,09/10/2020,2304,6.076388888888889,0.0,0,0.0,09/11/2020 11:00AM
74366,14,0,8,09/10/2020,1548,9.04392764857881,0.0,6,3.875968992248062,09/11/2020 11:00AM
74951,13,1,10,09/10/2020,1307,9.946442234123948,0.7651109410864575,2,1.530221882172915,09/11/2020 11:00AM
73453,13,0,13,09/10/2020,503,25.84493041749503,0.0,0,0.0,09/11/2020 11:00AM
74350,13,0,7,09/10/2020,748,17.379679144385026,0.0,6,8.02139037433155,09/11/2020 11:00AM
73566,13,0,11,09/10/2020,1862,6.981740064446832,0.0,2,1.0741138560687433,09/11/2020 11:00AM
74852,13,0,12,09/10/2020,1406,9.246088193456615,0.0,1,0.7112375533428166,09/11/2020 11:00AM
74731,13,0,10,09/10/2020,1438,9.040333796940196,0.0,3,2.086230876216968,09/11/2020 11:00AM
73074,13,0,12,09/10/2020,1095,11.872146118721462,0.0,1,0.91324200913242,09/11/2020 11:00AM
73773,13,0,12,09/10/2020,2040,6.372549019607843,0.0,1,0.49019607843137253,09/11/2020 11:00AM
73062,12,1,8,09/10/2020,1296,9.25925925925926,0.7716049382716049,3,2.314814814814815,09/11/2020 11:00AM
74574,12,0,12,09/10/2020,1264,9.49367088607595,0.0,0,0.0,09/11/2020 11:00AM
73624,12,0,11,09/10/2020,2335,5.139186295503212,0.0,1,0.4282655246252676,09/11/2020 11:00AM
74533,12,0,11,09/10/2020,846,14.184397163120567,0.0,1,1.1820330969267139,09/11/2020 11:00AM
73620,12,0,12,09/10/2020,1582,7.585335018963337,0.0,0,0.0,09/11/2020 11:00AM
73048,12,0,11,09/10/2020,2438,4.9220672682526665,0.0,1,0.41017227235438886,09/11/2020 11:00AM
73834,12,0,9,09/10/2020,1513,7.931262392597489,0.0,3,1.9828155981493722,09/11/2020 11:00AM
74865,12,0,10,09/10/2020,1791,6.700167504187605,0.0,2,1.1166945840312674,09/11/2020 11:00AM
74720,12,0,11,09/10/2020,471,25.477707006369428,0.0,1,2.1231422505307855,09/11/2020 11:00AM
73632,12,0,9,09/10/2020,3337,3.596044351213665,0.0,3,0.8990110878034162,09/11/2020 11:00AM
73053,11,2,8,09/10/2020,757,14.531043593130779,2.642007926023778,1,1.321003963011889,09/11/2020 11:00AM
73848,11,0,9,09/10/2020,2408,4.568106312292359,0.0,2,0.8305647840531561,09/11/2020 11:00AM
73759,11,0,9,09/10/2020,1565,7.028753993610224,0.0,2,1.2779552715654952,09/11/2020 11:00AM
73663,11,0,11,09/10/2020,1384,7.9479768786127165,0.0,0,0.0,09/11/2020 11:00AM
74072,11,0,9,09/10/2020,1803,6.100942872989462,0.0,2,1.1092623405435387,09/11/2020 11:00AM
74641,11,1,10,09/10/2020,637,17.26844583987441,1.5698587127158556,0,0.0,09/11/2020 11:00AM
74358,11,0,10,09/10/2020,245,44.897959183673464,0.0,1,4.081632653061225,09/11/2020 11:00AM
74723,11,0,10,09/10/2020,1399,7.862759113652609,0.0,1,0.7147962830593281,09/11/2020 11:00AM
74867,11,0,11,09/10/2020,736,14.945652173913045,0.0,0,0.0,09/11/2020 11:00AM
73570,11,0,11,09/10/2020,1083,10.156971375807942,0.0,0,0.0,09/11/2020 11:00AM
73004,11,0,10,09/10/2020,1013,10.85883514313919,0.0,1,0.9871668311944718,09/11/2020 11:00AM
74062,11,0,9,09/10/2020,1016,10.826771653543307,0.0,2,1.968503937007874,09/11/2020 11:00AM
73754,11,0,7,09/10/2020,1060,10.377358490566037,0.0,4,3.7735849056603774,09/11/2020 11:00AM
73447,11,0,9,09/10/2020,1319,8.339651250947687,0.0,2,1.5163002274450341,09/11/2020 11:00AM
73628,10,1,9,09/10/2020,1655,6.042296072507553,0.6042296072507553,0,0.0,09/11/2020 11:00AM
74054,10,0,9,09/10/2020,800,12.5,0.0,1,1.25,09/11/2020 11:00AM
74565,10,0,10,09/10/2020,706,14.164305949008499,0.0,0,0.0,09/11/2020 11:00AM
74552,10,0,10,09/10/2020,1183,8.4530853761623,0.0,0,0.0,09/11/2020 11:00AM
74832,10,0,9,09/10/2020,902,11.086474501108649,0.0,1,1.1086474501108647,09/11/2020 11:00AM
74878,10,0,8,09/10/2020,1397,7.158196134574087,0.0,2,1.4316392269148175,09/11/2020 11:00AM
74460,10,0,9,09/10/2020,170,58.8235294117647,0.0,1,5.88235294117647,09/11/2020 11:00AM
74052,10,1,5,09/10/2020,1019,9.813542688910697,0.9813542688910696,4,3.9254170755642783,09/11/2020 11:00AM
74734,10,0,9,09/10/2020,1157,8.64304235090752,0.0,1,0.8643042350907519,09/11/2020 11:00AM
74939,10,0,8,09/10/2020,1164,8.591065292096221,0.0,2,1.7182130584192439,09/11/2020 11:00AM
74349,9,0,9,09/10/2020,312,28.846153846153847,0.0,0,0.0,09/11/2020 11:00AM
73438,9,0,6,09/10/2020,3480,2.586206896551724,0.0,3,0.8620689655172413,09/11/2020 11:00AM
74738,9,0,8,09/10/2020,686,13.119533527696793,0.0,1,1.4577259475218658,09/11/2020 11:00AM
73565,9,0,8,09/10/2020,998,9.01803607214429,0.0,1,1.002004008016032,09/11/2020 11:00AM
73734,9,0,6,09/10/2020,817,11.015911872705018,0.0,3,3.6719706242350063,09/11/2020 11:00AM
73841,9,0,1,09/10/2020,1329,6.772009029345372,0.0,8,6.019563581640331,09/11/2020 11:00AM
74556,9,0,8,09/10/2020,359,25.069637883008355,0.0,1,2.785515320334262,09/11/2020 11:00AM
74430,8,0,7,09/10/2020,464,17.241379310344826,0.0,1,2.155172413793103,09/11/2020 11:00AM
74824,8,1,6,09/10/2020,1445,5.536332179930795,0.6920415224913494,1,0.6920415224913494,09/11/2020 11:00AM
73014,8,0,7,09/10/2020,1937,4.130098089829634,0.0,1,0.5162622612287042,09/11/2020 11:00AM
73092,8,0,7,09/10/2020,973,8.221993833504625,0.0,1,1.027749229188078,09/11/2020 11:00AM
73050,8,0,5,09/10/2020,958,8.35073068893528,0.0,3,3.131524008350731,09/11/2020 11:00AM
73547,8,0,5,09/10/2020,2331,3.432003432003432,0.0,3,1.287001287001287,09/11/2020 11:00AM
74829,8,1,7,09/10/2020,1474,5.427408412483039,0.6784260515603798,0,0.0,09/11/2020 11:00AM
74748,8,0,7,09/10/2020,659,12.139605462822459,0.0,1,1.5174506828528074,09/11/2020 11:00AM
74741,8,0,8,09/10/2020,997,8.02407221664995,0.0,0,0.0,09/11/2020 11:00AM
74759,8,0,7,09/10/2020,1454,5.502063273727648,0.0,1,0.687757909215956,09/11/2020 11:00AM
73079,8,0,8,09/10/2020,495,16.161616161616163,0.0,0,0.0,09/11/2020 11:00AM
74422,8,0,5,09/10/2020,820,9.75609756097561,0.0,3,3.658536585365854,09/11/2020 11:00AM
74423,8,0,8,09/10/2020,981,8.15494393476045,0.0,0,0.0,09/11/2020 11:00AM
73067,8,0,7,09/10/2020,2336,3.4246575342465753,0.0,1,0.4280821917808219,09/11/2020 11:00AM
74472,8,0,6,09/10/2020,723,11.065006915629322,0.0,2,2.7662517289073305,09/11/2020 11:00AM
73458,8,1,6,09/10/2020,895,8.938547486033519,1.1173184357541899,1,1.1173184357541899,09/11/2020 11:00AM
74340,7,0,7,09/10/2020,204,34.313725490196084,0.0,0,0.0,09/11/2020 11:00AM
74633,7,0,6,09/10/2020,341,20.527859237536656,0.0,1,2.932551319648094,09/11/2020 11:00AM
74562,7,0,6,09/10/2020,917,7.633587786259541,0.0,1,1.0905125408942202,09/11/2020 11:00AM
73024,7,0,5,09/10/2020,785,8.9171974522293,0.0,2,2.5477707006369426,09/11/2020 11:00AM
73090,7,0,7,09/10/2020,1078,6.493506493506494,0.0,0,0.0,09/11/2020 11:00AM
74724,7,0,7,09/10/2020,399,17.543859649122805,0.0,0,0.0,09/11/2020 11:00AM
73455,7,0,5,09/10/2020,673,10.401188707280832,0.0,2,2.9717682020802374,09/11/2020 11:00AM
74630,7,1,6,09/10/2020,752,9.308510638297872,1.3297872340425532,0,0.0,09/11/2020 11:00AM
74827,7,1,5,09/10/2020,351,19.943019943019944,2.849002849002849,1,2.849002849002849,09/11/2020 11:00AM
74643,7,0,7,09/10/2020,440,15.909090909090908,0.0,0,0.0,09/11/2020 11:00AM
74543,7,0,6,09/10/2020,388,18.04123711340206,0.0,1,2.577319587628866,09/11/2020 11:00AM
73073,7,0,6,09/10/2020,473,14.799154334038054,0.0,1,2.1141649048625792,09/11/2020 11:00AM
74060,7,0,7,09/10/2020,450,15.555555555555555,0.0,0,0.0,09/11/2020 11:00AM
74001,7,0,6,09/10/2020,306,22.87581699346405,0.0,1,3.2679738562091503,09/11/2020 11:00AM
73766,7,0,6,09/10/2020,1302,5.376344086021506,0.0,1,0.7680491551459293,09/11/2020 11:00AM
74833,7,0,7,09/10/2020,834,8.393285371702637,0.0,0,0.0,09/11/2020 11:00AM
74570,7,0,4,09/10/2020,1111,6.300630063006301,0.0,3,2.7002700270027002,09/11/2020 11:00AM
74869,6,0,5,09/10/2020,684,8.771929824561402,0.0,1,1.461988304093567,09/11/2020 11:00AM
74945,6,0,4,09/10/2020,447,13.422818791946309,0.0,2,4.47427293064877,09/11/2020 11:00AM
73755,6,0,6,09/10/2020,820,7.317073170731708,0.0,0,0.0,09/11/2020 11:00AM
74427,6,0,4,09/10/2020,1206,4.975124378109452,0.0,2,1.658374792703151,09/11/2020 11:00AM
74083,6,0,6,09/10/2020,1029,5.830903790087463,0.0,0,0.0,09/11/2020 11:00AM
73944,6,0,6,09/10/2020,531,11.299435028248588,0.0,0,0.0,09/11/2020 11:00AM
73639,6,0,6,09/10/2020,588,10.204081632653061,0.0,0,0.0,09/11/2020 11:00AM
74875,6,0,6,09/10/2020,1268,4.73186119873817,0.0,0,0.0,09/11/2020 11:00AM
74839,6,0,4,09/10/2020,777,7.722007722007723,0.0,2,2.574002574002574,09/11/2020 11:00AM
73491,6,1,5,09/10/2020,733,8.185538881309686,1.364256480218281,0,0.0,09/11/2020 11:00AM
73763,6,0,4,09/10/2020,1589,3.775959723096287,0.0,2,1.2586532410320956,09/11/2020 11:00AM
73027,6,0,6,09/10/2020,1210,4.958677685950414,0.0,0,0.0,09/11/2020 11:00AM
74569,6,1,5,09/10/2020,1288,4.658385093167702,0.7763975155279502,0,0.0,09/11/2020 11:00AM
73838,6,1,5,09/10/2020,345,17.391304347826086,2.898550724637681,0,0.0,09/11/2020 11:00AM
74557,6,0,6,09/10/2020,497,12.072434607645874,0.0,0,0.0,09/11/2020 11:00AM
73625,6,0,4,09/10/2020,653,9.188361408882084,0.0,2,3.0627871362940278,09/11/2020 11:00AM
74457,5,0,4,09/10/2020,463,10.79913606911447,0.0,1,2.1598272138228944,09/11/2020 11:00AM
73549,5,0,5,09/10/2020,212,23.58490566037736,0.0,0,0.0,09/11/2020 11:00AM
73481,5,0,5,09/10/2020,1010,4.9504950495049505,0.0,0,0.0,09/11/2020 11:00AM
73858,5,0,5,09/10/2020,1554,3.2175032175032174,0.0,0,0.0,09/11/2020 11:00AM
73730,5,0,5,09/10/2020,753,6.6401062416998675,0.0,0,0.0,09/11/2020 11:00AM
73641,5,0,5,09/10/2020,599,8.347245409015025,0.0,0,0.0,09/11/2020 11:00AM
74026,5,0,1,09/10/2020,860,5.813953488372093,0.0,4,4.651162790697675,09/11/2020 11:00AM
74560,5,0,4,09/10/2020,608,8.223684210526315,0.0,1,1.644736842105263,09/11/2020 11:00AM
73931,5,0,5,09/10/2020,416,12.01923076923077,0.0,0,0.0,09/11/2020 11:00AM
74531,5,0,5,09/10/2020,1039,4.8123195380173245,0.0,0,0.0,09/11/2020 11:00AM
74521,5,0,5,09/10/2020,191,26.17801047120419,0.0,0,0.0,09/11/2020 11:00AM
74558,5,0,4,09/10/2020,410,12.195121951219512,0.0,1,2.4390243902439024,09/11/2020 11:00AM
73736,5,0,1,09/10/2020,445,11.235955056179774,0.0,4,8.98876404494382,09/11/2020 11:00AM
74367,5,0,3,09/10/2020,407,12.285012285012284,0.0,2,4.914004914004914,09/11/2020 11:00AM
73058,5,0,4,09/10/2020,193,25.906735751295336,0.0,1,5.181347150259067,09/11/2020 11:00AM
74042,5,0,5,09/10/2020,402,12.437810945273633,0.0,0,0.0,09/11/2020 11:00AM
73753,5,0,2,09/10/2020,414,12.077294685990339,0.0,3,7.246376811594203,09/11/2020 11:00AM
74428,5,0,4,09/10/2020,1307,3.8255547054322876,0.0,1,0.7651109410864575,09/11/2020 11:00AM
74756,5,0,3,09/10/2020,707,7.072135785007072,0.0,2,2.828854314002829,09/11/2020 11:00AM
74555,4,0,3,09/10/2020,735,5.442176870748299,0.0,1,1.3605442176870748,09/11/2020 11:00AM
74850,4,0,4,09/10/2020,327,12.232415902140673,0.0,0,0.0,09/11/2020 11:00AM
73532,4,0,4,09/10/2020,469,8.528784648187633,0.0,0,0.0,09/11/2020 11:00AM
73654,4,1,1,09/10/2020,846,4.7281323877068555,1.1820330969267139,2,2.3640661938534278,09/11/2020 11:00AM
74722,4,0,3,09/10/2020,272,14.705882352941176,0.0,1,3.676470588235294,09/11/2020 11:00AM
74034,4,0,4,09/10/2020,122,32.786885245901644,0.0,0,0.0,09/11/2020 11:00AM
74442,4,0,3,09/10/2020,901,4.439511653718091,0.0,1,1.1098779134295227,09/11/2020 11:00AM
73842,4,0,4,09/10/2020,549,7.285974499089253,0.0,0,0.0,09/11/2020 11:00AM
73853,4,0,4,09/10/2020,657,6.0882800608828,0.0,0,0.0,09/11/2020 11:00AM
73720,4,0,2,09/10/2020,146,27.397260273972602,0.0,2,13.698630136986301,09/11/2020 11:00AM
73938,4,0,4,09/10/2020,756,5.291005291005291,0.0,0,0.0,09/11/2020 11:00AM
73744,4,0,4,09/10/2020,158,25.31645569620253,0.0,0,0.0,09/11/2020 11:00AM
74644,4,0,3,09/10/2020,528,7.575757575757576,0.0,1,1.893939393939394,09/11/2020 11:00AM
73063,4,0,3,09/10/2020,623,6.420545746388443,0.0,1,1.6051364365971108,09/11/2020 11:00AM
74084,4,0,4,09/10/2020,526,7.604562737642586,0.0,0,0.0,09/11/2020 11:00AM
73859,4,0,4,09/10/2020,1384,2.890173410404624,0.0,0,0.0,09/11/2020 11:00AM
73664,4,0,4,09/10/2020,1114,3.5906642728904847,0.0,0,0.0,09/11/2020 11:00AM
73851,4,0,3,09/10/2020,150,26.666666666666668,0.0,1,6.666666666666667,09/11/2020 11:00AM
74456,3,0,3,09/10/2020,186,16.129032258064516,0.0,0,0.0,09/11/2020 11:00AM
73461,3,0,3,09/10/2020,784,3.826530612244898,0.0,0,0.0,09/11/2020 11:00AM
74845,3,0,2,09/10/2020,500,6.0,0.0,1,2.0,09/11/2020 11:00AM
74359,3,0,2,09/10/2020,552,5.434782608695652,0.0,1,1.8115942028985508,09/11/2020 11:00AM
73011,3,0,3,09/10/2020,326,9.202453987730062,0.0,0,0.0,09/11/2020 11:00AM
73559,3,0,3,09/10/2020,539,5.565862708719852,0.0,0,0.0,09/11/2020 11:00AM
74577,3,0,3,09/10/2020,218,13.761467889908257,0.0,0,0.0,09/11/2020 11:00AM
73760,3,0,2,09/10/2020,341,8.797653958944283,0.0,1,2.932551319648094,09/11/2020 11:00AM
73901,3,0,3,09/10/2020,185,16.216216216216218,0.0,0,0.0,09/11/2020 11:00AM
74446,3,0,3,09/10/2020,462,6.493506493506494,0.0,0,0.0,09/11/2020 11:00AM
74572,3,0,3,09/10/2020,633,4.739336492890995,0.0,0,0.0,09/11/2020 11:00AM
73735,3,0,3,09/10/2020,694,4.322766570605188,0.0,0,0.0,09/11/2020 11:00AM
73647,3,0,3,09/10/2020,609,4.926108374384237,0.0,0,0.0,09/11/2020 11:00AM
73728,3,0,1,09/10/2020,1969,1.5236160487557135,0.0,2,1.015744032503809,09/11/2020 11:00AM
74842,3,0,3,09/10/2020,128,23.4375,0.0,0,0.0,09/11/2020 11:00AM
73056,3,0,3,09/10/2020,346,8.670520231213873,0.0,0,0.0,09/11/2020 11:00AM
73546,3,0,0,09/10/2020,1036,2.8957528957528957,0.0,3,2.8957528957528957,09/11/2020 11:00AM
73655,3,0,3,09/10/2020,827,3.6275695284159615,0.0,0,0.0,09/11/2020 11:00AM
73749,3,0,3,09/10/2020,414,7.246376811594203,0.0,0,0.0,09/11/2020 11:00AM
73718,3,0,2,09/10/2020,602,4.983388704318936,0.0,1,1.6611295681063123,09/11/2020 11:00AM
74652,3,0,2,09/10/2020,798,3.7593984962406015,0.0,1,1.2531328320802004,09/11/2020 11:00AM
74750,3,0,3,09/10/2020,318,9.433962264150942,0.0,0,0.0,09/11/2020 11:00AM
73544,3,0,3,09/10/2020,241,12.448132780082986,0.0,0,0.0,09/11/2020 11:00AM
74830,3,0,3,09/10/2020,241,12.448132780082986,0.0,0,0.0,09/11/2020 11:00AM
74856,3,0,2,09/10/2020,818,3.667481662591687,0.0,1,1.2224938875305624,09/11/2020 11:00AM
73771,3,0,3,09/10/2020,386,7.772020725388601,0.0,0,0.0,09/11/2020 11:00AM
73658,3,0,0,09/10/2020,222,13.513513513513514,0.0,3,13.513513513513514,09/11/2020 11:00AM
73528,2,0,2,09/10/2020,559,3.5778175313059033,0.0,0,0.0,09/11/2020 11:00AM
74071,2,0,2,09/10/2020,148,13.513513513513514,0.0,0,0.0,09/11/2020 11:00AM
73626,2,0,2,09/10/2020,1032,1.937984496124031,0.0,0,0.0,09/11/2020 11:00AM
73033,2,0,2,09/10/2020,484,4.132231404958678,0.0,0,0.0,09/11/2020 11:00AM
73556,2,0,2,09/10/2020,133,15.037593984962406,0.0,0,0.0,09/11/2020 11:00AM
74760,2,0,2,09/10/2020,335,5.970149253731344,0.0,0,0.0,09/11/2020 11:00AM
74843,2,0,2,09/10/2020,370,5.405405405405405,0.0,0,0.0,09/11/2020 11:00AM
73434,2,0,1,09/10/2020,642,3.115264797507788,0.0,1,1.557632398753894,09/11/2020 11:00AM
73537,2,0,1,09/10/2020,578,3.4602076124567476,0.0,1,1.7301038062283738,09/11/2020 11:00AM
74844,2,0,2,09/10/2020,406,4.926108374384237,0.0,0,0.0,09/11/2020 11:00AM
74522,2,0,1,09/10/2020,266,7.518796992481203,0.0,1,3.7593984962406015,09/11/2020 11:00AM
73650,2,0,2,09/10/2020,1128,1.7730496453900708,0.0,0,0.0,09/11/2020 11:00AM
73645,2,0,2,09/10/2020,1436,1.392757660167131,0.0,0,0.0,09/11/2020 11:00AM
73444,2,0,0,09/10/2020,118,16.949152542372882,0.0,2,16.949152542372882,09/11/2020 11:00AM
73043,2,0,2,09/10/2020,155,12.903225806451612,0.0,0,0.0,09/11/2020 11:00AM
73743,2,0,2,09/10/2020,119,16.80672268907563,0.0,0,0.0,09/11/2020 11:00AM
73548,2,0,2,09/10/2020,301,6.644518272425249,0.0,0,0.0,09/11/2020 11:00AM
73564,2,0,2,09/10/2020,473,4.2283298097251585,0.0,0,0.0,09/11/2020 11:00AM
74754,2,0,2,09/10/2020,253,7.905138339920948,0.0,0,0.0,09/11/2020 11:00AM
73747,2,0,2,09/10/2020,475,4.2105263157894735,0.0,0,0.0,09/11/2020 11:00AM
73729,2,0,1,09/10/2020,535,3.7383177570093458,0.0,1,1.8691588785046729,09/11/2020 11:00AM
73622,2,0,1,09/10/2020,227,8.81057268722467,0.0,1,4.405286343612335,09/11/2020 11:00AM
74528,2,0,2,09/10/2020,194,10.309278350515465,0.0,0,0.0,09/11/2020 11:00AM
73659,2,0,1,09/10/2020,220,9.09090909090909,0.0,1,4.545454545454545,09/11/2020 11:00AM
74942,2,1,0,09/10/2020,155,12.903225806451612,6.451612903225806,1,6.451612903225806,09/11/2020 11:00AM
73442,1,0,1,09/10/2020,413,2.4213075060532687,0.0,0,0.0,09/11/2020 11:00AM
74943,1,0,1,09/10/2020,162,6.172839506172839,0.0,0,0.0,09/11/2020 11:00AM
73627,1,0,0,09/10/2020,465,2.150537634408602,0.0,1,2.150537634408602,09/11/2020 11:00AM
74535,1,0,1,09/10/2020,101,9.900990099009901,0.0,0,0.0,09/11/2020 11:00AM
73021,1,0,1,09/10/2020,241,4.149377593360996,0.0,0,0.0,09/11/2020 11:00AM
73843,1,0,1,09/10/2020,859,1.1641443538998835,0.0,0,0.0,09/11/2020 11:00AM
74046,1,0,1,09/10/2020,127,7.874015748031496,0.0,0,0.0,09/11/2020 11:00AM
74636,1,0,1,09/10/2020,285,3.5087719298245617,0.0,0,0.0,09/11/2020 11:00AM
73567,1,0,1,09/10/2020,652,1.5337423312883436,0.0,0,0.0,09/11/2020 11:00AM
74438,1,0,1,09/10/2020,134,7.462686567164179,0.0,0,0.0,09/11/2020 11:00AM
74949,1,0,1,09/10/2020,297,3.3670033670033668,0.0,0,0.0,09/11/2020 11:00AM
74831,1,0,0,09/10/2020,722,1.3850415512465375,0.0,1,1.3850415512465375,09/11/2020 11:00AM
73440,1,0,0,09/10/2020,284,3.5211267605633805,0.0,1,3.5211267605633805,09/11/2020 11:00AM
73739,1,0,1,09/10/2020,316,3.1645569620253164,0.0,0,0.0,09/11/2020 11:00AM
74540,1,0,1,09/10/2020,214,4.672897196261682,0.0,0,0.0,09/11/2020 11:00AM
74650,1,0,1,09/10/2020,654,1.529051987767584,0.0,0,0.0,09/11/2020 11:00AM
73761,1,0,1,09/10/2020,350,2.857142857142857,0.0,0,0.0,09/11/2020 11:00AM
74946,1,0,1,09/10/2020,136,7.352941176470588,0.0,0,0.0,09/11/2020 11:00AM
73041,1,0,1,09/10/2020,353,2.8328611898017,0.0,0,0.0,09/11/2020 11:00AM
73722,1,0,1,09/10/2020,499,2.004008016032064,0.0,0,0.0,09/11/2020 11:00AM
73539,1,0,1,09/10/2020,185,5.405405405405405,0.0,0,0.0,09/11/2020 11:00AM
74837,1,0,0,09/10/2020,255,3.9215686274509802,0.0,1,3.9215686274509802,09/11/2020 11:00AM
73638,1,0,1,09/10/2020,204,4.901960784313726,0.0,0,0.0,09/11/2020 11:00AM
73557,1,0,1,09/10/2020,394,2.5380710659898473,0.0,0,0.0,09/11/2020 11:00AM
73661,1,0,1,09/10/2020,403,2.4813895781637716,0.0,0,0.0,09/11/2020 11:00AM
73947,1,0,1,09/10/2020,369,2.710027100271003,0.0,0,0.0,09/11/2020 11:00AM
73705,1,0,1,09/10/2020,330,3.0303030303030303,0.0,0,0.0,09/11/2020 11:00AM
74045,1,0,1,09/10/2020,352,2.840909090909091,0.0,0,0.0,09/11/2020 11:00AM
73857,1,0,1,09/10/2020,681,1.4684287812041115,0.0,0,0.0,09/11/2020 11:00AM
